OutboundNameAddress(name=Matteo, address=11 Cerignola Foggia 71042)
OutboundNameAddress(name=Fernando, address=11 Cerignola Foggia 71042)
OutboundNameAddress(name=Alessia, address=11 Cerignola Foggia 71042)
OutboundNameAddress(name=Vinc, address=11 Cerignola Foggia 71042)
OutboundNameAddress(name=Matteo, address=11 Cerignola Foggia 71042)
OutboundNameAddress(name=Matteo1, address=11 Cerignola Foggia 71042)
OutboundNameAddress(name=Matteo1, address=11 Cerignola Foggia 71042)
OutboundNameAddress(name=Matteo1, address=11 Cerignola Foggia 71042)
OutboundNameAddress(name=Fernando, address=11 Cerignola Foggia 71042)
OutboundNameAddress(name=Fernando, address=11 Cerignola Foggia 71042)
OutboundNameAddress(name=Fernand3o, address=11 Cerignola Foggia 71042)
